Top pages,Clicks,Impressions,CTR,Position
https://sanfordcleaning.com/,0,46,0%,20.48
https://sanfordcleaning.com/guides/best-house-cleaning-services-sanford-fl,0,18,0%,38.39
https://sanfordcleaning.com/post-construction-cleaning,0,13,0%,56
https://sanfordcleaning.com/move-in-move-out-cleaning,0,13,0%,81.69
https://sanfordcleaning.com/house-cleaning,0,9,0%,39.89
https://sanfordcleaning.com/carpet-cleaning,0,9,0%,51.67
https://sanfordcleaning.com/guides/top-rated-house-cleaning-companies-sanford-fl-reviews,0,8,0%,14.38
https://sanfordcleaning.com/commercial-cleaning,0,7,0%,19.43
https://sanfordcleaning.com/deep-cleaning,0,7,0%,43
https://sanfordcleaning.com/window-cleaning,0,5,0%,8.6
https://sanfordcleaning.com/guides/sanford-fl-weekly-biweekly-house-cleaning-providers,0,5,0%,46.4
https://sanfordcleaning.com/guides/sanford-fl-house-cleaning-prices-packages,0,4,0%,58.75
https://sanfordcleaning.com/guides/how-to-book-house-cleaner-sanford-fl,0,3,0%,39.33
https://sanfordcleaning.com/pressure-washing,0,3,0%,49.33
https://sanfordcleaning.com/guides/sanford-fl-house-cleaning-service-providers-quality,0,3,0%,55.33
https://sanfordcleaning.com/guides/apartment-deep-cleaning-sanford-fl,0,2,0%,15.5
https://sanfordcleaning.com/guides/sanford-fl-move-out-cleaning-services-costs,0,2,0%,40.5
https://sanfordcleaning.com/get-hired,0,1,0%,12
https://sanfordcleaning.com/guides/eco-friendly-house-cleaning-options-sanford-fl,0,1,0%,15
https://sanfordcleaning.com/privacy-policy,0,1,0%,26
https://sanfordcleaning.com/custom-quote,0,1,0%,36